City_ID,City,Lat,Lng,Max Temp,Humidity,Cloudiness,Wind Speed,Country,Date
0,westport,41.1415,-73.3579,74.17,86,100,10.36,US,1692144908
1,sisimiut,66.9395,-53.6735,50.92,74,49,5.59,GL,1692144980
2,talnakh,69.4865,88.3972,51.21,83,66,13.13,RU,1692144980
3,longyearbyen,78.2186,15.6401,44.44,93,75,18.41,SJ,1692144980
4,puerto ayora,-0.7393,-90.3518,75.43,72,62,8.5,EC,1692144980
5,anadyr,64.75,177.4833,59.5,72,0,6.71,RU,1692144981
6,filipstad,59.7124,14.1683,60.24,99,70,5.77,SE,1692144981
7,vorkuta,67.5,64.0,49.69,89,84,6.26,RU,1692144981
8,college,64.8569,-147.8028,71.08,55,75,0.0,US,1692144981
9,adamstown,-25.066,-130.1015,68.7,62,22,21.63,PN,1692144981
10,albany,42.6001,-73.9662,69.39,90,100,2.42,US,1692144981
11,badger,64.8,-147.5333,70.99,51,75,1.01,US,1692144982
12,omaruru,-21.4333,15.9333,60.04,43,65,2.57,NA,1692144982
13,rantepao,-2.9701,119.8978,70.79,89,57,1.9,ID,1692144982
14,ebon,4.582,168.6964,83.23,70,99,4.09,MH,1692144982
15,port-aux-francais,-49.35,70.2167,41.94,97,100,23.15,TF,1692144982
16,grytviken,-54.2811,-36.5092,27.86,93,100,10.13,GS,1692144983
17,saudarkrokur,65.7461,-19.6394,53.2,74,100,6.11,IS,1692144983
18,margaret river,-33.95,115.0667,52.39,56,77,14.81,AU,1692144983
19,jamestown,42.097,-79.2353,67.59,92,100,5.75,US,1692144793
20,pathankot,32.2833,75.65,75.7,89,1,5.41,IN,1692144983
21,constantia,44.1833,28.65,72.7,74,51,14.67,RO,1692144983
22,waitangi,-43.9535,-176.5597,53.82,87,87,5.01,NZ,1692144984
23,quelimane,-17.8786,36.8883,68.88,95,4,3.02,MZ,1692144984
24,puerto natales,-51.7236,-72.4875,29.05,82,21,5.01,CL,1692144984
25,el granada,37.5027,-122.4694,94.06,75,100,23.02,US,1692144984
26,port alfred,-33.5906,26.891,56.21,71,94,11.43,ZA,1692144984
27,quellon,-43.1167,-73.6167,46.51,91,70,0.34,CL,1692144985
28,ribeira grande,38.5167,-28.7,71.78,85,0,1.99,PT,1692144985
29,avarua,-21.2078,-159.775,75.25,78,100,13.8,CK,1692144985
30,alice springs,-23.7,133.8833,78.35,27,15,16.11,AU,1692144985
31,lebu,-37.6167,-73.65,52.84,97,100,3.33,CL,1692144985
32,yuzhno-kurilsk,44.0306,145.8556,66.02,82,100,13.29,RU,1692144985
33,vorgashor,67.5833,63.95,49.77,86,86,5.82,RU,1692144986
34,alakurtti,66.9672,30.3491,53.06,94,37,2.19,RU,1692144986
35,edinburgh of the seven seas,-37.0676,-12.3116,55.81,80,12,14.03,SH,1692144986
36,vilyuchinsk,52.9306,158.4028,70.07,68,100,6.55,RU,1692144986
37,n'dalatando,-9.2978,14.9116,63.36,84,30,3.65,AO,1692144986
38,yellowknife,62.456,-114.3525,67.41,54,75,9.22,CA,1692144986
39,athi river,-1.4507,36.9824,58.69,91,31,4.23,KE,1692144987
40,batabano,22.7164,-82.2881,74.01,86,90,8.9,CU,1692144987
41,kirakira,-10.4544,161.9205,84.11,71,56,6.24,SB,1692144987
42,winnemucca,40.973,-117.7357,93.25,15,0,6.91,US,1692144987
43,wailua homesteads,22.0669,-159.378,86.79,69,20,16.11,US,1692144987
44,mount isa,-20.7333,139.5,78.57,34,15,5.75,AU,1692144987
45,ushuaia,-54.8,-68.3,33.46,80,40,19.57,AR,1692144988
46,tofol,5.3248,163.0078,87.58,70,75,3.44,FM,1692144988
47,olonkinbyen,70.9221,-8.7187,42.96,91,67,10.29,SJ,1692144988
48,meadow lake,34.8014,-106.5436,91.72,25,9,10.09,US,1692144988
49,kalajoki,64.25,23.95,61.92,87,99,8.1,FI,1692144989
50,nagqu,31.5,92.0,45.36,87,100,3.09,CN,1692144989
51,bredasdorp,-34.5322,20.0403,54.48,76,100,17.92,ZA,1692144990
52,jianshui,23.6363,102.8264,68.36,92,24,2.01,CN,1692144991
53,biograd na moru,43.9433,15.4519,77.76,69,0,4.07,HR,1692144991
54,mil'kovo,55.6078,37.7956,61.2,79,0,6.08,RU,1692144991
55,port elizabeth,-33.918,25.5701,57.49,72,0,10.36,ZA,1692144992
56,punta arenas,-53.15,-70.9167,32.86,71,33,9.6,CL,1692144993
57,leominster,42.5251,-71.7598,67.28,96,100,3.44,US,1692144993
58,bethel,41.3712,-73.414,71.47,88,100,5.75,US,1692144993
59,whakatane,-37.9585,176.9854,60.51,74,38,4.0,NZ,1692144994
60,nuuk,64.1835,-51.7216,61.41,51,27,8.05,GL,1692144942
61,thompson,55.7435,-97.8558,68.16,56,100,4.61,CA,1692144995
62,nar'yan-mar,67.6713,53.087,62.51,91,84,5.32,RU,1692144995
63,vernon,50.2581,-119.2691,106.29,21,12,3.44,CA,1692144926
64,saipan,15.1355,145.701,86.7,100,40,5.75,MP,1692144996
65,stanley,54.868,-1.6985,56.71,95,20,1.14,GB,1692144761
66,ulsteinvik,62.3432,5.8487,61.9,92,100,14.0,NO,1692144996
67,vilyuysk,63.7553,121.6247,62.8,62,100,5.97,RU,1692144996
68,gargalianoi,37.0667,21.6333,76.35,76,0,8.08,GR,1692144996
69,pinotepa nacional,16.3167,-98.0167,79.0,89,87,7.85,MX,1692144997
70,nogliki,51.8333,143.1667,65.05,80,95,9.37,RU,1692144997
71,west island,-12.1568,96.8225,76.98,73,100,26.46,CC,1692144997
72,magadan,59.5667,150.8,58.53,99,100,7.23,RU,1692144997
73,iqaluit,63.7506,-68.5145,42.53,93,20,11.5,CA,1692144997
74,laguna,38.421,-121.4238,107.11,31,0,6.91,US,1692144998
75,klyuchi,52.2667,79.1667,52.14,85,36,4.54,RU,1692144998
76,souillac,-20.5167,57.5167,70.93,81,23,10.58,MU,1692144998
77,antsiranana,-12.2787,49.2917,71.87,85,4,11.25,MG,1692144998
78,blackmans bay,-43.0167,147.3167,50.74,68,41,7.07,AU,1692144998
79,tiksi,71.6872,128.8694,51.24,80,71,4.88,RU,1692144998
80,tobruk,32.0836,23.9764,77.92,69,0,12.57,LY,1692144998
81,malayer,34.2969,48.8235,63.9,20,0,4.05,IR,1692144999
82,san patricio,28.017,-97.5169,99.32,47,48,18.14,US,1692144999
83,iskateley,67.6803,53.1512,62.26,92,85,5.46,RU,1692144999
84,flying fish cove,-10.4217,105.6791,76.68,83,100,12.66,CX,1692144999
85,east london,-33.0153,27.9116,59.4,63,100,8.34,ZA,1692145000
86,hithadhoo,-0.6,73.0833,82.02,68,4,4.5,MV,1692145000
87,bilibino,68.0546,166.4372,65.86,57,45,4.47,RU,1692145000
88,prince george,53.9166,-122.753,83.25,30,20,13.8,CA,1692144984
89,polyarnyy,69.1989,33.4478,52.93,92,93,7.49,RU,1692145000
90,remire-montjoly,4.9167,-52.2667,77.04,100,0,1.14,GF,1692145001
91,richards bay,-28.783,32.0377,63.77,66,100,8.41,ZA,1692145001
92,ola,59.5833,151.2833,59.14,96,100,7.52,RU,1692145001
93,lompoc,34.6391,-120.4579,95.14,77,40,8.05,US,1692144846
94,al mindak,20.1588,41.2834,78.4,43,77,2.51,SA,1692145002
95,tvoroyri,61.5556,-6.8111,52.03,88,94,8.3,FO,1692145002
96,bengkulu,-3.8004,102.2655,75.83,89,93,7.63,ID,1692144760
97,shamkhal,43.0596,47.3373,77.02,72,8,5.68,RU,1692145002
98,enewetak,11.3474,162.3373,83.62,77,93,10.09,MH,1692145002
99,pacific grove,36.6177,-121.9166,78.39,84,0,8.05,US,1692145003
100,lihue,21.9789,-159.3672,87.39,61,20,16.11,US,1692144764
101,howrah,22.5892,88.3103,84.2,94,40,4.61,IN,1692145003
102,gwadar,25.1216,62.3254,79.43,84,93,5.39,PK,1692145003
103,tolanaro,-25.0319,46.9987,65.88,92,22,7.83,MG,1692145003
104,papao,-17.75,-149.55,83.88,79,52,17.85,PF,1692144942
105,hermanus,-34.4187,19.2345,55.8,80,100,18.48,ZA,1692145004
106,san luis de la loma,17.2706,-100.8939,84.42,77,100,5.37,MX,1692145004
107,pemba,-12.974,40.5178,75.07,80,69,2.46,MZ,1692145004
108,labuan,5.2767,115.2417,79.16,89,20,0.0,MY,1692145004
109,cabo san lucas,22.8909,-109.9124,94.6,67,20,4.61,MX,1692144796
110,fort mcmurray,56.7268,-111.381,71.19,60,99,11.5,CA,1692144705
111,tromso,69.6496,18.957,51.82,87,75,13.8,NO,1692145005
112,tiffin,41.1145,-83.178,68.2,93,75,13.35,US,1692145005
113,gokwe,-18.2048,28.9349,57.11,23,57,8.03,ZW,1692145005
114,hinte,53.4167,7.1833,61.03,87,11,6.4,DE,1692145005
115,conde,-7.2597,-34.9075,71.06,88,20,4.61,BR,1692145006
116,juybar,36.6412,52.9124,68.16,40,0,6.04,IR,1692145006
117,invercargill,-46.4,168.35,49.01,78,45,3.0,NZ,1692145006
118,sevastopol,44.6,33.5333,77.0,56,0,10.27,UA,1692145006
119,atafu village,-8.5421,-172.5159,82.53,80,28,17.36,TK,1692145006
120,freetown,8.484,-13.2299,76.33,89,100,9.8,SL,1692145007
121,mammoth lakes,37.6485,-118.9721,63.34,67,75,5.75,US,1692145007
122,fayzabad,37.1166,70.58,61.38,39,0,0.96,AF,1692145007
123,papatowai,-46.5619,169.4708,47.34,79,42,8.1,NZ,1692145007
124,cooper's town,26.8667,-77.5167,85.69,71,28,10.25,BS,1692145007
125,prince rupert,54.3161,-130.3201,62.69,76,75,10.36,CA,1692145007
126,hamilton,39.1834,-84.5333,69.89,91,100,9.22,US,1692144818
127,utrik,11.2278,169.8474,81.79,81,98,8.81,MH,1692145008
128,sena madureira,-9.0656,-68.6569,77.41,60,1,0.72,BR,1692144910
129,kalaleh,37.3807,55.4916,69.4,46,0,0.0,IR,1692145008
130,torbat-e jam,35.244,60.6225,64.2,20,0,16.51,IR,1692145008
131,kurchatov,51.6601,35.6521,63.01,81,0,5.48,RU,1692145008
132,changyon,38.2508,125.0961,76.6,85,55,0.22,KP,1692145008
133,saldanha,-33.0117,17.9442,53.67,62,83,7.63,ZA,1692145009
134,shawano,44.7822,-88.609,76.98,41,0,4.61,US,1692145009
135,quiberon,47.4841,-3.1196,62.08,83,84,4.0,FR,1692145009
136,aasiaat,68.7098,-52.8699,36.54,98,96,7.0,GL,1692145009
137,inongo,-1.95,18.2667,67.86,91,79,3.69,CD,1692145009
138,ribeira brava,32.65,-17.0667,76.01,72,8,4.23,PT,1692145009
139,la passe,45.5549,-0.8967,64.98,76,97,7.67,FR,1692145010
140,nasir,15.5894,32.5634,94.1,24,67,12.93,SD,1692145010
141,rio grande,-32.035,-52.0986,59.95,86,21,11.1,BR,1692145010
142,callao,-12.0667,-77.15,72.72,78,100,11.5,PE,1692145010
143,saint-philbert-de-grand-lieu,47.0333,-1.6333,62.82,82,0,6.91,FR,1692145010
144,nacimiento,-37.5,-72.6667,54.77,92,100,9.01,CL,1692145010
145,ancud,-41.8697,-73.8203,47.75,92,26,5.03,CL,1692145011
146,senanga,-16.1167,23.2667,59.74,26,0,6.51,ZM,1692145011
147,calca,-13.3333,-71.95,58.35,76,53,5.91,PE,1692145011
148,agat village,13.3886,144.6585,87.91,77,20,3.0,GU,1692145011
149,isafjordur,66.0755,-23.124,53.33,80,100,6.76,IS,1692145011
150,phibun mangsahan,15.2447,105.2291,80.58,90,96,7.07,TH,1692145011
151,isangel,-19.55,169.2667,77.11,78,75,4.61,VU,1692145011
152,korla,41.7597,86.1469,66.74,54,90,5.26,CN,1692145012
153,amarante do maranhao,-5.5667,-46.7422,77.23,39,48,4.38,BR,1692144931
154,armacao de buzios,-22.7469,-41.8817,71.65,87,84,13.47,BR,1692145012
155,costa rica,-23.4167,-54.65,69.28,66,13,6.11,BR,1692144857
156,tura,25.5198,90.2201,75.69,93,95,3.53,IN,1692145012
157,tazovsky,67.4667,78.7,50.09,76,99,11.61,RU,1692145012
158,el sauzal de rodriguez,31.9,-116.6833,71.42,75,47,7.11,MX,1692145012
159,belyy yar,53.6039,91.3903,49.89,100,0,2.24,RU,1692145013
160,kavaratti,10.5669,72.642,81.19,72,54,4.85,IN,1692145013
161,paciran,-6.8767,112.3761,75.9,79,77,6.35,ID,1692145013
162,fale old settlement,-9.3852,-171.2468,83.3,78,27,18.12,TK,1692145013
163,port mathurin,-19.6833,63.4167,72.81,73,10,22.91,MU,1692145013
164,matoury,4.8483,-52.3317,76.96,100,0,1.14,GF,1692145013
165,whitehorse,60.7161,-135.0538,62.02,72,75,1.99,CA,1692145014
166,san antonio de pale,-1.4014,5.6325,73.53,90,44,12.97,GQ,1692145014
167,ampara,7.2833,81.6667,75.27,74,79,5.3,LK,1692145014
168,arak,34.0917,49.6892,65.53,19,0,4.05,IR,1692145014
169,puerto baquerizo moreno,-0.9,-89.6,74.98,74,34,9.4,EC,1692145014
170,colonia,50.9333,6.95,68.97,88,20,4.61,DE,1692144787
171,al musayyib,32.7833,44.2825,98.96,10,0,7.29,IQ,1692145014
172,rumbek,6.802,29.6912,70.88,95,29,5.28,SS,1692145015
173,akjoujt,19.6969,-14.4164,87.28,53,79,12.01,MR,1692145015
174,grand-lahou,5.1367,-5.0242,73.69,87,19,4.16,CI,1692145015
175,shingu,33.7333,135.9833,82.69,83,97,4.59,JP,1692145015
176,gebeit,21.0667,36.3167,88.3,30,16,4.94,SD,1692145015
177,cabedelo,-6.9811,-34.8339,72.27,77,91,15.03,BR,1692145015
178,carnarvon,-24.8667,113.6333,63.52,66,53,25.05,AU,1692145015
179,gadzhiyevo,69.2551,33.3362,51.6,94,93,8.79,RU,1692145016
180,pezenas,43.4595,3.4238,75.78,76,75,5.75,FR,1692145016
181,colonia menno,-22.3667,-59.8167,79.57,37,0,9.4,PY,1692145016
182,usinsk,65.9939,57.5281,60.64,70,100,7.61,RU,1692145016
183,araxa,-19.5933,-46.9406,69.33,57,100,4.56,BR,1692145016
184,cekerek,40.0731,35.4947,66.4,52,0,4.25,TR,1692145016
185,prieska,-29.6641,22.7474,54.25,20,81,3.13,ZA,1692145016
186,lanzhou,36.0564,103.7922,75.07,63,62,2.04,CN,1692145016
187,rawai,7.7797,98.3253,81.99,81,100,14.7,TH,1692145017
188,petropavlovsk-kamchatsky,53.0452,158.6483,68.59,60,0,6.71,RU,1692145017
189,taltal,-25.4,-70.4833,62.06,78,17,4.36,CL,1692144974
190,konstantinovka,49.6167,127.9833,74.95,82,78,3.65,RU,1692145017
191,malango,-2.9627,119.9001,70.77,89,58,1.9,ID,1692145017
192,sao gabriel da cachoeira,-0.1303,-67.0892,74.01,97,47,0.51,BR,1692145017
193,luderitz,-26.6481,15.1594,55.06,78,47,3.53,NA,1692145018
194,choma,-16.8065,26.9531,59.86,25,1,3.24,ZM,1692145018
195,pont rouge,48.8833,-72.0825,64.69,85,33,4.18,CA,1692145018
196,salmon arm,50.6998,-119.3024,99.43,27,19,1.14,CA,1692145018
197,la toma,-33.0526,-65.6238,61.7,34,62,2.71,AR,1692145018
198,general villegas,-35.0328,-63.0125,65.7,43,100,5.44,AR,1692145018
199,erenhot,43.6475,111.9767,74.43,51,1,10.67,CN,1692145018
200,bogotol,56.2078,89.5342,49.95,87,100,9.26,RU,1692145019
201,fada n'gourma,12.0622,0.3578,75.49,89,99,5.08,BF,1692145019
202,al hamul,31.3115,31.1477,74.5,77,0,7.9,EG,1692144982
203,faya-largeau,17.9257,19.1043,91.65,30,11,11.5,TD,1692145019
204,itaituba,-4.2761,-55.9836,79.47,41,30,0.2,BR,1692144942
205,leh,34.1667,77.5833,60.62,40,17,3.98,IN,1692145019
206,medeiros neto,-17.3739,-40.2206,67.78,91,95,6.82,BR,1692145019
207,porto novo,6.4965,2.6036,75.02,90,14,4.68,BJ,1692145020
208,klaksvik,62.2266,-6.589,50.92,92,100,6.55,FO,1692145020
209,aioun,16.6614,-9.6149,87.55,56,93,15.19,MR,1692145020
210,owo,7.1962,5.5868,70.83,98,29,1.03,NG,1692145020
211,hawaiian paradise park,19.5933,-154.9731,80.11,85,100,9.22,US,1692145020
212,ilulissat,69.2167,-51.1,44.62,93,100,3.44,GL,1692145020
213,bamboo flat,11.7,92.7167,81.86,81,100,16.2,IN,1692145020
214,kualakapuas,-3.0091,114.3876,77.2,74,68,3.47,ID,1692145021
215,itumba,-9.4,33.1833,61.72,79,77,5.21,TZ,1692145021
216,bondo,3.8146,23.6866,66.69,99,82,1.81,CD,1692145021
217,kruisfontein,-34.0033,24.7314,50.88,76,100,6.44,ZA,1692145021
218,udachny,66.4167,112.4,66.45,63,35,6.71,RU,1692145021
219,santanyi,39.3546,3.1291,78.62,83,2,8.57,ES,1692145021
220,thunder bay,48.4001,-89.3168,76.98,69,75,5.75,CA,1692145022
221,ust-nera,64.5667,143.2,57.22,84,100,2.51,RU,1692145022
222,florence,43.7667,11.25,77.23,75,0,1.14,IT,1692144912
223,smithers,54.7804,-127.1743,79.12,25,20,9.22,CA,1692145022
224,belabo,4.9333,13.3,67.78,99,80,1.81,CM,1692145022
225,grand baie,-20.0182,57.5802,72.45,75,40,1.01,MU,1692145023
226,fraserburgh,57.6874,-2.0184,56.12,95,17,6.78,GB,1692145023
227,nadi,-17.8,177.4167,82.4,74,40,8.05,FJ,1692144803
228,qaqortoq,60.7167,-46.0333,42.4,93,54,4.43,GL,1692145023
229,georgetown,5.4112,100.3354,80.02,89,20,8.05,MY,1692144784
230,codrington,-38.2667,141.9667,49.89,66,0,13.98,AU,1692145024
231,santa isabel,-23.3156,-46.2214,65.97,95,96,2.46,BR,1692145024
232,south hedland,-20.4089,118.5983,67.93,64,3,10.36,AU,1692145024
233,axminster,50.7826,-2.9979,61.18,90,77,3.0,GB,1692145024
234,port lincoln,-34.7333,135.8667,57.79,58,28,10.25,AU,1692144996
235,kristiansund,63.1115,7.732,59.05,94,100,9.22,NO,1692145024
236,lentilly,45.8198,4.6635,70.72,84,59,2.04,FR,1692145025
237,ilebo,-4.3167,20.5833,72.01,87,50,1.39,CD,1692145025
238,molina,-35.1167,-71.2833,55.36,87,100,5.61,CL,1692144993
239,crane,31.3974,-102.3501,94.28,25,0,7.07,US,1692145025
240,point pedro,9.8167,80.2333,81.19,78,88,21.63,LK,1692145026
241,fruitville,27.3298,-82.4576,89.91,75,20,5.75,US,1692145026
242,kodiak,57.79,-152.4072,51.31,93,100,8.05,US,1692145026
243,broken hill,-31.95,141.4333,55.02,34,2,11.7,AU,1692145026
244,sanctuary point,-35.1114,150.629,59.99,65,13,1.68,AU,1692145027
245,ciudad lazaro cardenas,17.9583,-102.2,85.55,70,97,6.29,MX,1692144816
246,konsoy,40.4915,69.7025,53.56,23,0,1.32,TJ,1692145027
247,vila franca do campo,37.7167,-25.4333,70.25,84,7,1.16,PT,1692145027
248,lautoka,-17.6167,177.4667,82.26,74,40,8.05,FJ,1692144957
249,mukalla,14.5425,49.1242,86.7,59,17,2.01,YE,1692145027
250,touros,-5.1989,-35.4608,75.74,79,67,15.77,BR,1692145028
251,kailua-kona,19.6406,-155.9956,84.51,76,40,10.36,US,1692145028
252,hotan,37.0997,79.9269,71.87,24,75,1.45,CN,1692145028
253,mana,5.6592,-53.7767,79.02,90,95,8.61,GF,1692145028
254,nova sintra,14.8667,-24.7167,75.99,83,57,1.14,CV,1692145029
255,egilsstadir,65.2653,-14.3948,40.91,87,0,2.3,IS,1692145029
256,lazaro cardenas,17.9583,-102.2,85.55,70,97,6.29,MX,1692145029
257,luganville,-15.5333,167.1667,77.4,89,91,9.15,VU,1692145029
258,al bardiyah,31.7561,25.0865,77.07,71,0,12.53,LY,1692145030
259,bogorodskoye,56.55,37.8833,57.06,91,0,4.52,RU,1692145030
260,curvelo,-18.7564,-44.4308,71.96,51,98,8.57,BR,1692145030
261,cole harbour,44.6724,-63.4751,65.59,96,75,1.14,CA,1692145030
262,sinop,41.7711,34.8709,70.14,49,0,3.04,TR,1692145031
263,alburquerque,39.2208,-7.0023,67.32,60,66,3.62,ES,1692145031
264,takoradi,4.8845,-1.7554,75.04,89,82,4.12,GH,1692145031
265,catalao,-18.1658,-47.9464,71.94,46,100,3.65,BR,1692145031
266,novodvinsk,64.4165,40.8122,54.01,96,9,3.6,RU,1692145032
267,garissa,-0.4536,39.6401,73.87,86,26,13.78,KE,1692145032
268,tabou,4.423,-7.3528,75.06,86,77,5.39,CI,1692145032
269,keflavik,64.0049,-22.5624,53.51,100,75,9.22,IS,1692145032
270,namibe,-15.1961,12.1522,62.53,89,44,5.44,AO,1692145032
271,lagoa,39.05,-27.9833,73.45,74,0,11.14,PT,1692145032
272,susuman,62.7833,148.1667,57.85,70,100,8.14,RU,1692145033
273,talodi,10.6325,30.3797,74.12,85,54,4.43,SD,1692145033
274,tomatlan,19.9333,-105.25,85.96,70,100,3.91,MX,1692145033
275,arraial do cabo,-22.9661,-42.0278,71.46,83,75,14.97,BR,1692145033
276,brazil,39.5237,-87.125,71.65,77,40,5.75,US,1692145033
277,lalmatie,-20.1897,57.6611,70.05,75,41,11.36,MU,1692145034
278,xinzhi,36.4989,111.7047,83.14,58,24,0.6,CN,1692145034
279,kangding,30.0513,101.9603,63.41,90,100,0.89,CN,1692145034
280,inarajan village,13.2736,144.7484,87.94,82,99,3.69,GU,1692145034
281,villa gesell,-37.2639,-56.973,60.06,69,100,8.77,AR,1692145035
282,alesund,62.4723,6.1549,61.9,90,100,12.66,NO,1692145035
283,lymanske,46.6557,29.9672,72.77,40,20,9.15,UA,1692145035
284,khilok,51.3674,110.4676,64.42,69,55,1.95,RU,1692145035
285,ugine,45.7508,6.4161,72.21,73,7,3.87,FR,1692145035
286,kapuskasing,49.4169,-82.4331,69.89,60,75,6.91,CA,1692145036
287,port douglas,-16.4833,145.4667,71.56,59,60,4.18,AU,1692145036
288,marquette,46.5333,-87.6335,74.64,64,53,5.01,US,1692145036
289,sabha,27.0377,14.4283,87.94,20,1,12.41,LY,1692145036
290,yorkton,51.2167,-102.4677,76.84,38,0,6.91,CA,1692145037
291,durcal,36.9879,-3.566,76.78,72,32,4.16,ES,1692145037
292,ankang,32.68,109.0172,77.11,74,6,0.78,CN,1692145037
293,zalari,53.5584,102.5065,50.59,98,100,10.65,RU,1692145037
294,christchurch,-43.5333,172.6333,49.48,80,75,5.75,NZ,1692144811
295,nouadhibou,20.931,-17.0347,75.18,88,1,4.61,MR,1692145037
296,al faw,29.9776,48.4741,87.8,49,0,7.43,IQ,1692145038
297,humboldt,40.6665,-123.9178,72.12,32,8,5.23,US,1692145038
298,st. john's,47.5649,-52.7093,61.16,95,100,5.75,CA,1692145038
299,tuzha,57.6062,47.936,58.82,97,16,5.39,RU,1692145038
300,tsiombe,-25.3,45.4833,61.61,95,0,5.55,MG,1692145038
301,mahajanga,-15.7167,46.3167,72.61,84,1,7.09,MG,1692145038
302,countryside,39.0409,-77.4136,80.78,85,75,8.01,US,1692145039
303,vilhena,-12.7406,-60.1458,73.96,40,31,4.07,BR,1692144955
304,daru,-9.0763,143.2092,77.59,70,100,11.65,PG,1692145039
305,raduzhnyy,62.0961,77.475,55.31,83,40,11.48,RU,1692145039
306,harnosand,62.6323,17.9379,62.62,96,100,11.23,SE,1692145040
307,ouro sogui,15.6,-13.3167,81.23,76,95,10.07,SN,1692145040
308,bonny,4.4522,7.1681,77.61,87,98,7.54,NG,1692145040
309,berezovyy,51.6667,135.7,75.22,70,6,2.48,RU,1692145040
310,colotlan,22.1,-103.2667,78.64,38,100,11.63,MX,1692145040
311,nha trang,12.25,109.1833,82.4,79,97,3.94,VN,1692145041
312,virginia beach,36.8529,-75.978,76.01,94,100,8.05,US,1692144823
313,patterson,37.4716,-121.1297,104.76,13,1,8.28,US,1692145041
314,kitami,43.8031,143.8908,76.46,79,99,11.83,JP,1692145041
315,sassandra,4.95,-6.0833,73.27,91,53,4.5,CI,1692145042
316,sao joao da barra,-21.6403,-41.0511,71.69,81,88,11.81,BR,1692144865
317,penonome,8.5167,-80.3667,74.43,69,100,5.01,PA,1692144975
318,selfoss,63.9331,-20.9971,47.97,93,100,3.89,IS,1692145042
319,wagar,16.1525,36.2032,81.9,60,100,19.71,SD,1692145042
320,akureyri,65.6835,-18.0878,49.93,87,20,0.0,IS,1692145043
321,saint-denis,48.9167,2.3333,67.14,80,100,8.05,FR,1692145043
322,mumford,5.2618,-0.759,74.77,91,80,3.98,GH,1692145043
323,new norfolk,-42.7826,147.0587,51.93,60,66,3.69,AU,1692145043
324,ludhiana,30.9,75.85,77.86,90,0,3.76,IN,1692145043
325,mount gambier,-37.8333,140.7667,48.34,62,0,10.04,AU,1692145044
326,jumla,29.2747,82.1838,60.53,93,99,2.15,NP,1692145044
327,afaahiti,-17.75,-149.2833,82.27,77,80,15.37,PF,1692145044
328,tha bo,17.85,102.5814,80.98,61,75,2.3,TH,1692145044
329,hovd,48.0056,91.6419,54.16,35,30,6.85,MN,1692145044
330,belmonte,-15.8631,-38.8828,72.61,85,94,8.81,BR,1692145045
331,irbit,57.6705,63.071,60.22,88,53,1.07,RU,1692145045
332,tamandare,-8.7597,-35.1047,74.61,74,77,9.4,BR,1692144969
333,castillos,-34.1667,-53.8333,59.27,63,61,7.81,UY,1692145045
334,leava,-14.3,-178.1667,82.27,74,28,14.2,WF,1692145045
335,yakeshi,49.2833,120.7333,66.45,90,99,3.76,CN,1692145046
336,happy valley-goose bay,53.3168,-60.3315,55.71,71,75,4.61,CA,1692145046
337,pisco,-13.7,-76.2167,68.05,83,0,10.36,PE,1692145046
338,tobelo,1.7284,128.0095,81.21,77,89,5.77,ID,1692145046
339,palma di montechiaro,37.1926,13.765,76.32,63,0,3.33,IT,1692145046
340,nikolayevsk-on-amure,53.1406,140.73,72.36,76,35,4.47,RU,1692145047
341,pico truncado,-46.7949,-67.9573,29.48,60,25,11.32,AR,1692144760
342,oral,51.2333,51.3667,71.58,64,0,13.42,KZ,1692145047
343,driefontein,-27.0177,30.4498,49.55,87,100,5.39,ZA,1692145047
344,kumylzhenskaya,49.8809,42.5898,71.62,64,63,3.98,RU,1692145048
345,onchan,54.1733,-4.4532,58.32,82,20,2.3,IM,1692145048
346,queenstown,-31.8976,26.8753,43.75,84,100,3.29,ZA,1692145048
347,kuzovatovo,53.5468,47.6866,60.94,87,23,7.09,RU,1692145048
348,tazacorte,28.629,-17.9293,74.37,73,100,16.11,ES,1692145048
349,taoudenni,22.6783,-3.9836,94.89,30,33,10.98,ML,1692145049
350,feijo,-8.1642,-70.3536,77.77,60,7,2.59,BR,1692145049
351,fort bragg,35.139,-79.006,83.75,74,40,5.75,US,1692145049
352,puerto leguizamo,-0.1934,-74.7819,71.91,98,80,1.23,CO,1692145049
353,coquimbo,-29.9533,-71.3436,57.4,85,100,2.01,CL,1692145011
354,winslow,35.0242,-110.6974,87.98,29,75,16.11,US,1692145049
355,ghanzi,-21.5667,21.7833,62.98,19,49,8.39,BW,1692145050
356,dudinka,69.4058,86.1778,51.62,82,96,14.0,RU,1692145050
357,mirnyy,62.5353,113.9611,61.23,83,70,3.24,RU,1692145050
358,three points,32.0767,-111.3137,100.74,20,0,8.05,US,1692145050
359,borgarnes,64.5383,-21.9206,53.82,90,99,5.95,IS,1692145051
360,acapulco de juarez,16.8634,-99.8901,85.82,70,100,2.3,MX,1692145051
361,shache,38.4167,77.2406,68.29,40,51,12.33,CN,1692145051
362,ha'il,27.5219,41.6907,78.82,18,0,4.61,SA,1692145051
363,fortuna,40.5982,-124.1573,80.92,65,0,9.22,US,1692145051
364,guerrero negro,27.9769,-114.0611,77.68,63,75,19.13,MX,1692145051
365,tidjikja,18.5564,-11.4271,90.66,42,71,7.96,MR,1692145052
366,luwuk,-0.9516,122.7875,79.47,80,33,5.59,ID,1692145052
367,zhoucun,36.8167,117.8167,88.9,67,73,2.68,CN,1692145052
368,waingapu,-9.6567,120.2641,78.8,68,28,11.79,ID,1692145052
369,aykhal,66.0,111.5,67.64,50,29,5.93,RU,1692145052
370,machico,32.7,-16.7667,76.01,72,20,9.22,PT,1692145052
371,piti village,13.4626,144.6933,87.85,76,20,0.0,GU,1692145053
372,semnan,35.5729,53.3971,71.91,12,0,6.62,IR,1692144902
373,sola,-13.8833,167.55,81.27,89,100,5.75,VU,1692145053
374,helena valley west central,46.6629,-112.0604,100.72,21,0,14.97,US,1692145053
375,chorfa,36.3651,4.3264,81.79,26,2,3.18,DZ,1692145054
376,aripuana,-9.1667,-60.6333,79.2,38,47,2.01,BR,1692145054
377,ballina,-28.8667,153.5667,63.79,66,51,8.03,AU,1692145054
378,raduzhny,62.0961,77.475,55.31,83,40,11.48,RU,1692145054
379,bei'an,24.5399,109.533,79.77,87,71,1.72,CN,1692145054
380,chul'man,56.8479,124.9104,58.48,92,91,4.97,RU,1692145055
381,montlucon,46.3333,2.6,64.71,97,95,1.95,FR,1692145055
382,lipova,46.0833,21.7,65.43,84,62,4.12,RO,1692145055
383,la mira,18.035,-102.3266,85.05,72,99,5.86,MX,1692145055
384,dubrovka,53.6907,33.5071,61.27,91,0,4.88,RU,1692145055
385,sibiti,-3.6819,13.3499,71.69,72,47,2.26,CG,1692145056
386,rongelap,11.1635,166.8941,83.14,78,93,8.5,MH,1692145056
387,bubaque,11.2833,-15.8333,75.16,92,100,0.65,GW,1692145057
388,kudahuvadhoo,2.6708,72.8944,81.9,67,6,3.38,MV,1692145057
389,mursko sredisce,46.5094,16.4411,65.88,56,42,3.18,HR,1692145057
390,olyokminsk,60.3736,120.4264,65.41,69,100,3.65,RU,1692145057
391,hailey,43.5196,-114.3153,97.88,22,0,5.75,US,1692145057
392,floro,61.5996,5.0328,59.07,100,100,0.0,NO,1692145058
393,calvinia,-31.4707,19.776,55.2,27,100,8.39,ZA,1692145058
394,cavalaire-sur-mer,43.174,6.5272,81.32,65,2,7.78,FR,1692145058
395,flin flon,54.7682,-101.865,69.44,38,93,6.58,CA,1692144917
396,harstad,68.799,16.5293,55.81,100,100,4.0,NO,1692145058
397,robore,-18.3333,-59.75,77.54,40,25,3.74,BO,1692145058
398,tucacas,10.7906,-68.3258,79.12,89,13,8.01,VE,1692145059
399,turkmenbasy,40.0222,52.9552,75.97,11,0,4.61,TM,1692144941
400,rouissat,31.9243,5.3502,87.87,22,0,5.75,DZ,1692145059
401,es castell,39.8795,4.2854,75.88,94,0,5.75,ES,1692145059
402,chonchi,-42.6128,-73.8092,48.11,97,57,1.45,CL,1692145059
403,balikpapan,-1.2675,116.8289,81.59,83,40,8.05,ID,1692145059
404,sinabang,2.4803,96.3801,79.07,82,100,3.98,ID,1692145060
405,richmond,37.5538,-77.4603,84.15,79,75,6.91,US,1692145060
406,tavda,58.0425,65.2726,56.79,93,54,2.06,RU,1692145060
407,jining,35.405,116.5814,80.31,78,85,3.2,CN,1692145060
408,newport,51.5877,-2.9984,61.83,89,32,6.33,GB,1692145014
409,winneba,5.3511,-0.6231,74.48,92,87,3.78,GH,1692144984
410,wang nam yen,13.5033,102.1812,77.04,90,97,5.17,TH,1692145061
411,arkhangel'sk,64.5401,40.5433,54.63,95,15,3.38,RU,1692145061
412,guatrache,-37.6678,-63.5302,58.14,45,100,8.59,AR,1692145061
413,ouesso,1.6136,16.0517,69.37,96,58,1.03,CG,1692145061
414,pudasjarvi,65.3833,26.9167,56.64,86,97,5.06,FI,1692145061
415,kidal,18.4411,1.4078,89.15,44,22,9.06,ML,1692145062
416,monrovia,6.3005,-10.7969,74.97,79,98,10.58,LR,1692144884
417,kinmparana,12.8402,-4.9199,75.45,88,99,7.99,ML,1692145062
418,tralee,52.2704,-9.7026,53.71,92,18,0.47,IE,1692145062
419,nizhniye vyazovyye,55.7988,48.5248,59.74,95,4,4.63,RU,1692145062
420,roma,43.2128,-75.4557,70.09,88,75,4.61,US,1692145063
421,mao,39.8885,4.2658,75.76,94,0,5.75,ES,1692145063
422,labytnangi,66.6572,66.4183,48.83,92,71,4.68,RU,1692145063
423,bolands,17.0657,-61.8747,82.15,53,40,10.36,AG,1692145063
424,masterton,-40.9597,175.6575,48.88,73,66,7.78,NZ,1692145063
425,caleta de carquin,-11.0925,-77.6267,68.16,80,8,10.71,PE,1692145063
426,reszel,54.0504,21.1458,72.28,51,12,11.05,PL,1692145064
427,holualoa,19.6228,-155.9522,80.78,76,40,10.36,US,1692145064
428,tenkodogo,11.78,-0.3697,74.8,89,96,5.23,BF,1692145064
429,sandnessjoen,66.0217,12.6316,54.12,86,93,10.36,NO,1692145064
430,wijk bij duurstede,51.9742,5.3417,64.54,87,81,3.78,NL,1692145064
431,jarabacoa,19.1218,-70.6422,78.08,85,8,5.08,DO,1692145064
432,galliano,29.4422,-90.2992,93.2,59,40,10.36,US,1692145065
433,portland,45.5234,-122.6762,105.67,30,75,6.91,US,1692144860
434,ubari,26.5921,12.7805,88.39,19,1,9.26,LY,1692145065
435,katsuura,35.1333,140.3,82.42,80,86,14.83,JP,1692145065
436,brisas de zicatela,15.8369,-97.0419,86.52,62,75,13.8,MX,1692145066
437,khandyga,62.6667,135.6,58.28,97,100,2.13,RU,1692145066
438,kone,-21.0595,164.8658,75.65,46,1,5.53,NC,1692145066
439,kayangel,8.0823,134.7173,82.15,78,100,10.04,PW,1692145066
440,ambodifotatra,-16.9833,49.85,72.81,86,16,3.87,MG,1692145066
441,lincoln city,44.9582,-124.0179,99.05,58,44,5.14,US,1692145066
442,tonota,-21.4833,27.4833,63.32,26,47,11.54,BW,1692145067
443,uvira,-3.4067,29.1458,75.11,65,37,2.06,CD,1692144973
444,puli,23.9664,120.9695,76.93,90,100,1.05,TW,1692145067
445,stornoway,58.2093,-6.3865,57.16,90,100,4.61,GB,1692145067
446,la'ie,21.6477,-157.9253,87.76,66,2,13.76,US,1692145067
447,mossel bay,-34.1831,22.146,48.13,76,96,19.39,ZA,1692145067
448,muang phonsavan,19.45,103.2167,67.5,100,100,1.1,LA,1692145068
449,vadso,70.0744,29.7487,56.28,100,100,6.91,NO,1692145068
450,pasinler,39.9803,41.6764,67.19,41,1,2.75,TR,1692145068
451,bodaybo,57.8506,114.1933,66.15,79,31,2.51,RU,1692145068
452,sitka,57.0531,-135.33,57.09,94,100,10.36,US,1692145068
453,colares,38.7992,-9.4469,67.98,80,3,24.0,PT,1692145068
454,morfou,35.1981,32.9914,79.68,75,0,6.69,CY,1692145069
455,sierra vista,31.5545,-110.3037,89.65,37,20,6.91,US,1692145069
456,ulladulla,-35.35,150.4667,56.52,62,8,2.26,AU,1692145069
457,luena,-11.7833,19.9167,57.61,30,1,4.21,AO,1692145069
458,pokachi,61.7198,75.3683,56.89,75,72,10.31,RU,1692145069
459,taro,-8.3862,115.28,71.6,89,64,4.09,ID,1692145069
460,sepatan,-6.1189,106.575,84.36,78,20,3.44,ID,1692145070
461,ceylanpinar,36.8472,40.05,91.17,10,0,6.67,TR,1692145070
462,menongue,-14.6585,17.691,56.07,26,1,3.31,AO,1692145070
463,hastings,50.8552,0.5729,61.25,43,79,4.61,GB,1692145065
464,nova vicosa,-17.8919,-39.3719,72.63,83,92,8.28,BR,1692145070
465,coro,11.4045,-69.6734,80.76,85,13,16.58,VE,1692145070
466,nur-sultan,51.1801,71.446,53.55,87,75,2.24,KZ,1692145071
467,rehoboth,-23.3167,17.0833,57.56,43,82,2.55,NA,1692145071
468,mungwi,-10.1732,31.3694,61.92,51,32,2.84,ZM,1692145071
469,suva,-18.1416,178.4415,78.28,78,75,12.66,FJ,1692145071
470,urangan,-25.3,152.9,70.45,72,71,9.89,AU,1692145071
471,oltu,40.5498,42.0013,67.48,62,0,1.34,TR,1692145072
472,salalah,17.0151,54.0924,78.89,100,100,6.91,OM,1692145072
473,sangre grande,10.5835,-61.1177,80.19,100,97,6.31,TT,1692145072
474,rancho palos verdes,33.7445,-118.387,93.42,79,40,18.41,US,1692145072
475,morehead city,34.7229,-76.726,85.01,90,20,17.27,US,1692145072
476,el abiodh sidi cheikh,32.893,0.5484,83.5,21,38,3.4,DZ,1692145072
477,qianzhou,28.3167,109.7167,79.81,82,6,0.76,CN,1692145073
478,kaa-khem,51.6833,94.7333,52.36,64,66,1.03,RU,1692145073
479,nyurba,63.2842,118.3319,65.17,59,94,1.88,RU,1692145073
480,boyalik,41.2634,28.6314,76.12,85,76,11.01,TR,1692145073
481,kapa'a,22.0752,-159.319,88.12,69,20,16.11,US,1692145073
482,griffith,41.5284,-87.4237,75.06,65,0,6.91,US,1692145073
483,altai,46.3722,96.2583,51.75,62,67,8.86,MN,1692145074
484,frankenberg,51.0667,8.8,62.91,95,13,1.39,DE,1692145039
485,nishinoomote,30.7333,131.0,82.96,94,40,5.75,JP,1692145074
486,muang phon-hong,18.4928,102.4172,75.27,97,100,2.51,LA,1692145075
487,bayganin,48.6947,55.8742,73.96,49,100,5.91,KZ,1692145075
488,quepos,9.4236,-84.1652,78.37,91,100,3.58,CR,1692145075
489,banfora,10.6333,-4.7667,72.0,97,44,3.85,BF,1692145075
490,hasaki,35.7333,140.8333,88.29,79,83,14.0,JP,1692145075
491,bagepalli,13.7847,77.7931,72.77,72,93,8.61,IN,1692145075
492,leninskoye,41.7589,69.3864,63.16,23,37,3.27,KZ,1692145075
493,cascais,38.6979,-9.4215,68.16,79,4,24.0,PT,1692145076
494,achi,8.5682,-74.554,78.89,91,57,2.15,CO,1692145076
495,port macquarie,-31.4333,152.9167,63.9,66,74,0.16,AU,1692145076
496,tamanrasset,22.785,5.5228,80.51,36,40,5.75,DZ,1692145076
497,geraldton,-28.7667,114.6,59.41,72,75,14.97,AU,1692145076
498,uturoa,-16.7333,-151.4333,77.92,77,65,19.51,PF,1692145076
499,bardai,11.65,7.2333,72.5,75,51,0.69,NG,1692145076
500,kiruna,67.8557,20.2251,50.38,83,49,3.69,SE,1692145077
501,natal,-5.795,-35.2094,75.42,83,40,6.91,BR,1692145077
502,mejit,10.2753,170.8646,82.63,78,65,11.41,MH,1692145077
503,latakia,35.5148,35.7768,78.98,83,39,7.18,SY,1692145077
504,velizh,55.6056,31.1967,59.59,90,5,2.89,RU,1692145077
505,champerico,14.3,-91.9167,88.34,75,66,9.17,GT,1692145077
506,fallon,39.4735,-118.7774,93.07,14,75,9.22,US,1692145078
507,gaiman,-43.2897,-65.4929,39.63,77,100,21.9,AR,1692145078
508,puerto aysen,-45.4,-72.7,34.41,98,100,6.13,CL,1692145078
509,iquique,-20.2208,-70.1431,61.92,82,28,1.52,CL,1692145078
510,barcelos,41.5388,-8.6151,61.68,92,3,2.53,PT,1692145078
511,anuradhapura,8.3565,80.4173,75.78,87,78,10.87,LK,1692145078
512,broome,42.2506,-75.833,71.69,89,75,3.44,US,1692145079
513,nemuro,43.3236,145.575,65.5,85,100,14.25,JP,1692145079
514,pasni,25.2631,63.471,79.92,84,100,8.21,PK,1692145079
515,kuala terengganu,5.3302,103.1408,78.75,89,20,3.44,MY,1692145079
516,esmeraldas,-19.7625,-44.3139,70.74,67,100,4.68,BR,1692145079
517,m'sila,35.7058,4.5419,87.67,22,0,6.2,DZ,1692145079
518,eforie sud,44.0229,28.6494,72.81,79,48,14.79,RO,1692145079
519,nekrasovskoye,57.6766,40.3657,60.69,87,0,4.47,RU,1692145080
520,tanumah,27.1,44.1333,89.15,12,16,5.08,SA,1692145080
521,gorontalo,0.5412,123.0595,82.38,68,16,6.15,ID,1692145080
522,revda,56.801,59.9303,59.4,87,26,0.58,RU,1692145080
523,tulun,54.5611,100.5792,49.77,92,100,2.68,RU,1692145080
524,shakawe,-18.3667,21.85,60.39,26,1,6.11,BW,1692145080
525,marsh harbour,26.5412,-77.0636,85.37,73,13,12.82,BS,1692145081
526,casablanca,33.5928,-7.6192,70.02,77,4,4.65,MA,1692144841
527,vallenar,-28.5708,-70.7581,62.37,60,89,2.91,CL,1692144973
528,thinadhoo,0.5333,72.9333,82.13,69,9,5.57,MV,1692145082
529,awjilah,29.1081,21.2869,77.74,55,0,11.36,LY,1692145084
530,castres,43.5833,2.1667,75.42,57,100,3.44,FR,1692145084
531,arteche,12.2645,125.4048,81.36,81,99,3.31,PH,1692145084
532,cacoal,-11.4386,-61.4472,80.94,37,98,2.98,BR,1692145084
533,borogontsy,62.6683,131.1683,58.24,96,100,4.97,RU,1692145085
534,kodinsk,58.6881,99.1844,54.18,91,44,3.51,RU,1692145085
535,pingdingshan,33.7385,113.3012,81.37,64,0,2.44,CN,1692145085
536,san carlos,9.6612,-68.5827,75.07,96,43,0.87,VE,1692145085
537,longboat key,27.4125,-82.659,90.0,71,20,5.75,US,1692145085
538,loango,-4.6719,11.8312,68.68,89,14,1.34,CG,1692145086
539,camocim,-2.9022,-40.8411,77.47,77,85,13.44,BR,1692145086
540,genhe,50.7833,121.5167,62.04,97,100,2.98,CN,1692145086
541,sambava,-14.2667,50.1667,69.66,93,22,6.29,MG,1692145086
542,imst,47.2684,10.6698,56.26,92,100,4.03,AT,1692145086
543,reggane,26.7158,0.1714,95.97,12,0,13.76,DZ,1692145087
544,dryden,49.7833,-92.7503,71.89,56,100,4.61,CA,1692145087
545,zouerate,22.7187,-12.4521,94.3,27,72,18.14,MR,1692145087
546,san clemente,33.427,-117.612,98.35,75,30,4.0,US,1692144913
547,lubao,14.9167,120.55,85.71,79,12,2.06,PH,1692145087
548,ilha de mocambique,-15.0342,40.7358,74.75,80,1,4.16,MZ,1692145088
549,duluth,46.7833,-92.1066,82.35,53,0,16.11,US,1692144954
550,kingston,17.997,-76.7936,86.95,81,20,9.22,JM,1692144932
551,den burg,53.0542,4.7972,60.78,97,100,3.44,NL,1692145088
552,narvik,68.4384,17.4272,55.81,98,35,3.13,NO,1692145088
553,arkalyk,50.2486,66.9114,58.42,57,1,7.83,KZ,1692145088
554,ar ruways,24.1103,52.7306,92.59,58,100,7.34,AE,1692145089
555,bikenibeu village,1.3673,173.1241,89.56,70,75,4.61,KI,1692145089
556,rikaze,29.25,88.8833,57.6,65,99,1.97,CN,1692145089
557,atherton,53.5237,-2.4935,61.21,91,12,2.86,GB,1692145089
558,juan griego,11.0817,-63.9655,82.53,78,9,6.91,VE,1692145090
559,selibaby,15.159,-12.1829,80.11,83,100,10.47,MR,1692145090
560,bodo,67.28,14.405,55.78,94,0,6.91,NO,1692145090
561,vrangel',42.7297,133.0839,69.17,97,100,4.05,RU,1692145090
562,chos malal,-37.3781,-70.2709,55.24,51,10,14.74,AR,1692145090
563,sai buri,6.7013,101.6168,78.51,86,100,7.11,TH,1692145090
564,pailon,-17.65,-62.75,76.1,47,0,5.95,BO,1692145091
565,adler,43.43,39.92,78.96,88,100,2.24,RU,1692145091
566,taco pozo,-25.6167,-63.2833,84.47,29,0,14.38,AR,1692145091
